alt_text,trip,location,time,path,small_path
Camel By The Sea,California-2023,California,2023-12-16,./assets/img/gallery/california-2023-Dec/2023-12-16_20-38-14_971_small.jpeg,./assets/img_small/gallery/california-2023-Dec/2023-12-16_20-38-14_971_small_60.jpeg
Yosemite Park,California-2023,California,2023-12-18,./assets/img/gallery/california-2023-Dec/2023-12-18_12-54-50_890_small.jpg,./assets/img_small/gallery/california-2023-Dec/2023-12-18_12-54-50_890_small_60.jpg
Paris by Vegas,California-2023,California,2023-12-19,./assets/img/gallery/california-2023-Dec/2023-12-19_16-36-05_527_small.jpg,./assets/img_small/gallery/california-2023-Dec/2023-12-19_16-36-05_527_small_60.jpg
Santa Barbara Rainbow Arch,California-2023,California,2023-12-16,./assets/img/gallery/california-2023-Dec/2023-12-16_09-04-08_974_small.jpg,./assets/img_small/gallery/california-2023-Dec/2023-12-16_09-04-08_974_small_60.jpg
Santa Clause Bakery,California-2023,California,2023-12-17,./assets/img/gallery/california-2023-Dec/2023-12-17_15-27-05_600_small.jpg,./assets/img_small/gallery/california-2023-Dec/2023-12-17_15-27-05_600_small_60.jpg
The Smily Face,California-2023,California,2023-12-21,./assets/img/gallery/california-2023-Dec/2023-12-21_16-46-58_000 (2023-12-23T18_48_24.585)_small.jpg,./assets/img_small/gallery/california-2023-Dec/2023-12-21_16-46-58_000 (2023-12-23T18_48_24.585)_small_60.jpg
Vegas Sign,California-2023,California,2023-12-21,./assets/img/gallery/california-2023-Dec/2023-12-21_15-52-31_861_small.jpg,./assets/img_small/gallery/california-2023-Dec/2023-12-21_15-52-31_861_small_60.jpg
Disney Land California,California-2023,California,2023-12-23,./assets/img/gallery/california-2023-Dec/2023-12-23_15-56-09_757_small.jpg,./assets/img_small/gallery/california-2023-Dec/2023-12-23_15-56-09_757_small_60.jpg
Yosemite Park Mountain,California-2023,California,2023-12-18,./assets/img/gallery/california-2023-Dec/2023-12-18_16-37-32_481 (2023-12-30T03_14_47.004)_small.jpeg,./assets/img_small/gallery/california-2023-Dec/2023-12-18_16-37-32_481 (2023-12-30T03_14_47.004)_small_60.jpeg
Yosemite Park Forest,California-2023,California,2023-12-18,./assets/img/gallery/california-2023-Dec/2023-12-18_14-10-03_532_small.jpg,./assets/img_small/gallery/california-2023-Dec/2023-12-18_14-10-03_532_small_60.jpg
Little Italy,California-2023,California,2023-12-19,./assets/img/gallery/california-2023-Dec/2023-12-19_16-04-20_879_small.jpg,./assets/img_small/gallery/california-2023-Dec/2023-12-19_16-04-20_879_small_60.jpg
Santa Barbara Night Market,California-2023,California,2023-12-15,./assets/img/gallery/california-2023-Dec/2023-12-15_20-41-31_111_small.jpg,./assets/img_small/gallery/california-2023-Dec/2023-12-15_20-41-31_111_small_60.jpg
GoldenGate Park,California-2023,California,2023-12-17,./assets/img/gallery/california-2023-Dec/2023-12-17_10-08-44_243_small.jpg,./assets/img_small/gallery/california-2023-Dec/2023-12-17_10-08-44_243_small_60.jpg
Disney Land California,California-2023,California,2023-12-23,./assets/img/gallery/california-2023-Dec/2023-12-23_21-44-25_272_small.jpg,./assets/img_small/gallery/california-2023-Dec/2023-12-23_21-44-25_272_small_60.jpg
Ice cream store at Solvang,California-2023,California,2023-12-16,./assets/img/gallery/california-2023-Dec/2023-12-16_13-48-07_433_small.jpg,./assets/img_small/gallery/california-2023-Dec/2023-12-16_13-48-07_433_small_60.jpg
Thor!,California-2023,California,2023-12-24,./assets/img/gallery/california-2023-Dec/2023-12-24_08-12-32_169_small.jpeg,./assets/img_small/gallery/california-2023-Dec/2023-12-24_08-12-32_169_small_60.jpeg
Disney Dining with Minnie,California-2023,California,2023-12-24,./assets/img/gallery/california-2023-Dec/2023-12-24_08-58-57_581_small.jpeg,./assets/img_small/gallery/california-2023-Dec/2023-12-24_08-58-57_581_small_60.jpeg
Las Vegas,California-2023,California,2023-12-19,./assets/img/gallery/california-2023-Dec/2023-12-19_16-27-38_153_small.jpg,./assets/img_small/gallery/california-2023-Dec/2023-12-19_16-27-38_153_small_60.jpg
Alcatraz,California-2023,California,2023-12-17,./assets/img/gallery/california-2023-Dec/2023-12-17_13-38-18_184_small.jpg,./assets/img_small/gallery/california-2023-Dec/2023-12-17_13-38-18_184_small_60.jpg
Doctor Stange,California-2023,California,2023-12-24,./assets/img/gallery/california-2023-Dec/2023-12-24_11-37-30_719_small.jpeg,./assets/img_small/gallery/california-2023-Dec/2023-12-24_11-37-30_719_small_60.jpeg
Tunnel View Yosemite,California-2023,California,2023-12-18,./assets/img/gallery/california-2023-Dec/2023-12-18_17-48-49_936_small.jpeg,./assets/img_small/gallery/california-2023-Dec/2023-12-18_17-48-49_936_small_60.jpeg
Brewing Company Solvang,California-2023,California,2023-12-16,./assets/img/gallery/california-2023-Dec/2023-12-16_12-30-25_400_small.jpg,./assets/img_small/gallery/california-2023-Dec/2023-12-16_12-30-25_400_small_60.jpg
Yosemite Park,California-2023,California,2023-12-18,./assets/img/gallery/california-2023-Dec/2023-12-18_14-25-11_745_small.jpg,./assets/img_small/gallery/california-2023-Dec/2023-12-18_14-25-11_745_small_60.jpg
Alcatraz,California-2023,California,2023-12-17,./assets/img/gallery/california-2023-Dec/2023-12-17_13-38-43_264_small.jpg,./assets/img_small/gallery/california-2023-Dec/2023-12-17_13-38-43_264_small_60.jpg
Disney Land,California-2023,California,2023-12-24,./assets/img/gallery/california-2023-Dec/2023-12-24_21-24-06_790_small.jpg,./assets/img_small/gallery/california-2023-Dec/2023-12-24_21-24-06_790_small_60.jpg
Las Vegas,California-2023,California,2023-12-19,./assets/img/gallery/california-2023-Dec/2023-12-19_15-54-09_459_small.jpg,./assets/img_small/gallery/california-2023-Dec/2023-12-19_15-54-09_459_small_60.jpg
Santa Barbara,California-2023,California,2023-12-15,./assets/img/gallery/california-2023-Dec/2023-12-15_20-44-24_946_small.jpg,./assets/img_small/gallery/california-2023-Dec/2023-12-15_20-44-24_946_small_60.jpg
Ghirardelli Chocolate Factory,California-2023,California,2023-12-17,./assets/img/gallery/california-2023-Dec/2023-12-17_15-59-08_587_small.jpg,./assets/img_small/gallery/california-2023-Dec/2023-12-17_15-59-08_587_small_60.jpg
Tunnel View Yosemite Park,California-2023,California,2023-12-18,./assets/img/gallery/california-2023-Dec/2023-12-18_17-49-40_463_small.jpeg,./assets/img_small/gallery/california-2023-Dec/2023-12-18_17-49-40_463_small_60.jpeg
Yosemite Park,California-2023,California,2023-12-18,./assets/img/gallery/california-2023-Dec/2023-12-18_14-09-24_628_small.jpg,./assets/img_small/gallery/california-2023-Dec/2023-12-18_14-09-24_628_small_60.jpg
Disney Land,California-2023,California,2023-12-22,./assets/img/gallery/california-2023-Dec/2023-12-22_13-11-31_516_small.jpg,./assets/img_small/gallery/california-2023-Dec/2023-12-22_13-11-31_516_small_60.jpg
Dinner at Santa Barbara,California-2023,California,2023-12-15,./assets/img/gallery/california-2023-Dec/2023-12-15_19-38-45_000_small.jpeg,./assets/img_small/gallery/california-2023-Dec/2023-12-15_19-38-45_000_small_60.jpeg
Las Vegas,California-2023,California,2023-12-19,./assets/img/gallery/california-2023-Dec/2023-12-19_15-58-39_220_small.jpg,./assets/img_small/gallery/california-2023-Dec/2023-12-19_15-58-39_220_small_60.jpg
Death Valley Park,California-2023,California,2023-12-20,./assets/img/gallery/california-2023-Dec/2023-12-20_18-12-21_328_small.jpeg,./assets/img_small/gallery/california-2023-Dec/2023-12-20_18-12-21_328_small_60.jpeg
Kbbq at Vegas ,California-2023,California,2023-12-20,./assets/img/gallery/california-2023-Dec/2023-12-20_19-56-19_513_small.jpg,./assets/img_small/gallery/california-2023-Dec/2023-12-20_19-56-19_513_small_60.jpg
Steak at San Francisco ,California-2023,California,2023-12-17,./assets/img/gallery/california-2023-Dec/2023-12-17_17-59-20_267_small.jpg,./assets/img_small/gallery/california-2023-Dec/2023-12-17_17-59-20_267_small_60.jpg
Little Italy at Vegas,California-2023,California,2023-12-19,./assets/img/gallery/california-2023-Dec/2023-12-19_16-08-26_864_small.jpg,./assets/img_small/gallery/california-2023-Dec/2023-12-19_16-08-26_864_small_60.jpg
,California-2023,California,2023-12-14,./assets/img/gallery/california-2023-Dec/2023-12-14_15-23-54_015_small.jpg,./assets/img_small/gallery/california-2023-Dec/2023-12-14_15-23-54_015_small_60.jpg
Yosemite Park,California-2023,California,2023-12-18,./assets/img/gallery/california-2023-Dec/2023-12-18_15-00-48_339_small.jpg,./assets/img_small/gallery/california-2023-Dec/2023-12-18_15-00-48_339_small_60.jpg
SolVang,California-2023,California,2023-12-16,./assets/img/gallery/california-2023-Dec/2023-12-16_13-40-14_988_small.jpg,./assets/img_small/gallery/california-2023-Dec/2023-12-16_13-40-14_988_small_60.jpg
Dinner at Fresno,California-2023,California,2023-12-18,./assets/img/gallery/california-2023-Dec/2023-12-18_18-31-32_977_small.jpg,./assets/img_small/gallery/california-2023-Dec/2023-12-18_18-31-32_977_small_60.jpg
Santa Barbara,California-2023,California,2023-12-16,./assets/img/gallery/california-2023-Dec/2023-12-16_09-06-30_669_small.jpg,./assets/img_small/gallery/california-2023-Dec/2023-12-16_09-06-30_669_small_60.jpg
Disney Land ,California-2023,California,2023-12-23,./assets/img/gallery/california-2023-Dec/2023-12-23_14-14-52_296_small.jpg,./assets/img_small/gallery/california-2023-Dec/2023-12-23_14-14-52_296_small_60.jpg
Pier 39,California-2023,California,2023-12-17,./assets/img/gallery/california-2023-Dec/2023-12-17_14-53-23_809_small.jpg,./assets/img_small/gallery/california-2023-Dec/2023-12-17_14-53-23_809_small_60.jpg
Ghirardelli Sundae,California-2023,California,2023-12-22,./assets/img/gallery/california-2023-Dec/2023-12-22_15-29-11_596_small.jpg,./assets/img_small/gallery/california-2023-Dec/2023-12-22_15-29-11_596_small_60.jpg
Solvang,California-2023,California,2023-12-16,./assets/img/gallery/california-2023-Dec/2023-12-16_11-55-35_949_small.jpg,./assets/img_small/gallery/california-2023-Dec/2023-12-16_11-55-35_949_small_60.jpg
Death Valley Park,California-2023,California,2023-12-20,./assets/img/gallery/california-2023-Dec/2023-12-20_15-16-15_324_small.jpg,./assets/img_small/gallery/california-2023-Dec/2023-12-20_15-16-15_324_small_60.jpg
Death Valley Park,California-2023,California,2023-12-20,./assets/img/gallery/california-2023-Dec/2023-12-20_19-49-52_334_small.jpeg,./assets/img_small/gallery/california-2023-Dec/2023-12-20_19-49-52_334_small_60.jpeg
Breakfast at Santa Barbara,California-2023,California,2023-12-16,./assets/img/gallery/california-2023-Dec/2023-12-16_09-59-45_457_small.jpg,./assets/img_small/gallery/california-2023-Dec/2023-12-16_09-59-45_457_small_60.jpg
Disney Land,California-2023,California,2023-12-22,./assets/img/gallery/california-2023-Dec/2023-12-22_19-41-49_293_small.jpeg,./assets/img_small/gallery/california-2023-Dec/2023-12-22_19-41-49_293_small_60.jpeg
San Francisco,California-2023,California,2023-12-17,./assets/img/gallery/california-2023-Dec/2023-12-17_14-30-58_599_small.jpg,./assets/img_small/gallery/california-2023-Dec/2023-12-17_14-30-58_599_small_60.jpg
Las Vegas,California-2023,California,2023-12-19,./assets/img/gallery/california-2023-Dec/2023-12-19_19-39-28_615_small.jpeg,./assets/img_small/gallery/california-2023-Dec/2023-12-19_19-39-28_615_small_60.jpeg
,California-2023,California,2023-12-23,./assets/img/gallery/california-2023-Dec/2023-12-23_14-15-45_131_small.jpg,./assets/img_small/gallery/california-2023-Dec/2023-12-23_14-15-45_131_small_60.jpg
Sausalito,California-2023,California,2023-12-17,./assets/img/gallery/california-2023-Dec/2023-12-17_13-06-44_045_small.jpg,./assets/img_small/gallery/california-2023-Dec/2023-12-17_13-06-44_045_small_60.jpg
,California-2023,California,2023-12-24,./assets/img/gallery/california-2023-Dec/2023-12-24_07-16-53_858_small.jpg,./assets/img_small/gallery/california-2023-Dec/2023-12-24_07-16-53_858_small_60.jpg
Santa Monica,California-2023,California,2023-12-25,./assets/img/gallery/california-2023-Dec/2023-12-25_20-13-18_779_small.jpg,./assets/img_small/gallery/california-2023-Dec/2023-12-25_20-13-18_779_small_60.jpg
Disney Land,California-2023,California,2023-12-23,./assets/img/gallery/california-2023-Dec/2023-12-23_17-55-37_294_small.jpg,./assets/img_small/gallery/california-2023-Dec/2023-12-23_17-55-37_294_small_60.jpg
Disney Land,California-2023,California,2023-12-24,./assets/img/gallery/california-2023-Dec/2023-12-24_17-30-58_129_small.jpg,./assets/img_small/gallery/california-2023-Dec/2023-12-24_17-30-58_129_small_60.jpg
California,California-2023,California,2023-12-20,./assets/img/gallery/california-2023-Dec/2023-12-20_12-35-37_721_small.jpg,./assets/img_small/gallery/california-2023-Dec/2023-12-20_12-35-37_721_small_60.jpg
Badwater Basin,California-2023,California,2023-12-20,./assets/img/gallery/california-2023-Dec/2023-12-20_17-33-40_877_small.jpeg,./assets/img_small/gallery/california-2023-Dec/2023-12-20_17-33-40_877_small_60.jpeg
Disney Dining with Mickey,California-2023,California,2023-12-24,./assets/img/gallery/california-2023-Dec/2023-12-24_08-48-37_091_small.jpeg,./assets/img_small/gallery/california-2023-Dec/2023-12-24_08-48-37_091_small_60.jpeg
GoldenGate Park,California-2023,California,2023-12-17,./assets/img/gallery/california-2023-Dec/2023-12-17_10-00-54_940_small.jpg,./assets/img_small/gallery/california-2023-Dec/2023-12-17_10-00-54_940_small_60.jpg
Las Vegas,California-2023,California,2023-12-19,./assets/img/gallery/california-2023-Dec/2023-12-19_16-46-33_461_small.jpg,./assets/img_small/gallery/california-2023-Dec/2023-12-19_16-46-33_461_small_60.jpg
Art in Las Vegas,California-2023,California,2023-12-19,./assets/img/gallery/california-2023-Dec/2023-12-19_18-55-08_838_small.jpeg,./assets/img_small/gallery/california-2023-Dec/2023-12-19_18-55-08_838_small_60.jpeg
Middle of no where California,California-2023,California,2023-12-20,./assets/img/gallery/california-2023-Dec/2023-12-20_13-08-04_847_small.jpg,./assets/img_small/gallery/california-2023-Dec/2023-12-20_13-08-04_847_small_60.jpg
Middle of no where California,California-2023,California,2023-12-20,./assets/img/gallery/california-2023-Dec/2023-12-20_13-09-05_522_small.jpg,./assets/img_small/gallery/california-2023-Dec/2023-12-20_13-09-05_522_small_60.jpg
Yosemite Park,California-2023,California,2023-12-18,./assets/img/gallery/california-2023-Dec/2023-12-18_14-25-15_740_small.jpg,./assets/img_small/gallery/california-2023-Dec/2023-12-18_14-25-15_740_small_60.jpg
Sand dunes in Death Valley Park,California-2023,California,2023-12-20,./assets/img/gallery/california-2023-Dec/2023-12-20_19-45-50_437_small.jpeg,./assets/img_small/gallery/california-2023-Dec/2023-12-20_19-45-50_437_small_60.jpeg
Camel By The Sea,California-2023,California,2023-12-16,./assets/img/gallery/california-2023-Dec/2023-12-16_17-30-49_659_small.jpg,./assets/img_small/gallery/california-2023-Dec/2023-12-16_17-30-49_659_small_60.jpg
Santa Monica,California-2023,California,2023-12-25,./assets/img/gallery/california-2023-Dec/2023-12-25_20-18-10_991_small.jpg,./assets/img_small/gallery/california-2023-Dec/2023-12-25_20-18-10_991_small_60.jpg
Death Valley Park,California-2023,California,2023-12-20,./assets/img/gallery/california-2023-Dec/2023-12-20_14-35-17_732_small.jpg,./assets/img_small/gallery/california-2023-Dec/2023-12-20_14-35-17_732_small_60.jpg
San Francisco,California-2023,California,2023-12-17,./assets/img/gallery/california-2023-Dec/2023-12-17_14-30-55_550_small.jpg,./assets/img_small/gallery/california-2023-Dec/2023-12-17_14-30-55_550_small_60.jpg
Disney Land,California-2023,California,2023-12-23,./assets/img/gallery/california-2023-Dec/2023-12-23_17-26-22_207_small.jpeg,./assets/img_small/gallery/california-2023-Dec/2023-12-23_17-26-22_207_small_60.jpeg
Solvang,California-2023,California,2023-12-16,./assets/img/gallery/california-2023-Dec/2023-12-16_12-10-45_971_small.jpg,./assets/img_small/gallery/california-2023-Dec/2023-12-16_12-10-45_971_small_60.jpg
Death Valley Park,California-2023,California,2023-12-20,./assets/img/gallery/california-2023-Dec/2023-12-20_15-52-16_862_small.jpg,./assets/img_small/gallery/california-2023-Dec/2023-12-20_15-52-16_862_small_60.jpg
Santa Barbara,California-2023,California,2023-12-16,./assets/img/gallery/california-2023-Dec/2023-12-16_09-09-29_288_small.jpg,./assets/img_small/gallery/california-2023-Dec/2023-12-16_09-09-29_288_small_60.jpg
Omnia Club in Vegas,California-2023,California,2023-12-20,./assets/img/gallery/california-2023-Dec/2023-12-20_01-04-52_084_small.jpeg,./assets/img_small/gallery/california-2023-Dec/2023-12-20_01-04-52_084_small_60.jpeg
Waterfall in Yosemite Park,California-2023,California,2023-12-18,./assets/img/gallery/california-2023-Dec/2023-12-18_13-11-56_939_small.jpg,./assets/img_small/gallery/california-2023-Dec/2023-12-18_13-11-56_939_small_60.jpg
San Francisco river,California-2023,California,2023-12-17,./assets/img/gallery/california-2023-Dec/2023-12-17_13-34-06_824_small.jpg,./assets/img_small/gallery/california-2023-Dec/2023-12-17_13-34-06_824_small_60.jpg
Yosemite Park Mountain,California-2023,California,2023-12-18,./assets/img/gallery/california-2023-Dec/2023-12-18_15-11-34_509_small.jpg,./assets/img_small/gallery/california-2023-Dec/2023-12-18_15-11-34_509_small_60.jpg
2024-03-17_10-53-37_446_small_40.jpg,Surf-Beach-2024,North-Carolina,2024-03-17,./assets/img/gallery/surfbeach-NC-2024-Mar/2024-03-17_10-53-37_446_small.jpg,./assets/img_small/gallery/surfbeach-NC-2024-Mar/2024-03-17_10-53-37_446_small_40.jpg
2024-03-16_12-53-41_371_small_40.jpg,Surf-Beach-2024,North-Carolina,2024-03-16,./assets/img/gallery/surfbeach-NC-2024-Mar/2024-03-16_12-53-41_371_small.jpg,./assets/img_small/gallery/surfbeach-NC-2024-Mar/2024-03-16_12-53-41_371_small_40.jpg
2024-03-16_12-56-34_263_small_40.jpg,Surf-Beach-2024,North-Carolina,2024-03-16,./assets/img/gallery/surfbeach-NC-2024-Mar/2024-03-16_12-56-34_263_small.jpg,./assets/img_small/gallery/surfbeach-NC-2024-Mar/2024-03-16_12-56-34_263_small_40.jpg
2024-03-17_10-11-02_168_small_40.jpg,Surf-Beach-2024,North-Carolina,2024-03-17,./assets/img/gallery/surfbeach-NC-2024-Mar/2024-03-17_10-11-02_168_small.jpg,./assets/img_small/gallery/surfbeach-NC-2024-Mar/2024-03-17_10-11-02_168_small_40.jpg
2024-03-16_07-30-13_943_small_40.jpg,Surf-Beach-2024,North-Carolina,2024-03-16,./assets/img/gallery/surfbeach-NC-2024-Mar/2024-03-16_07-30-13_943_small.jpg,./assets/img_small/gallery/surfbeach-NC-2024-Mar/2024-03-16_07-30-13_943_small_40.jpg
2024-03-16_13-00-46_786_small_40.jpg,Surf-Beach-2024,North-Carolina,2024-03-16,./assets/img/gallery/surfbeach-NC-2024-Mar/2024-03-16_13-00-46_786_small.jpg,./assets/img_small/gallery/surfbeach-NC-2024-Mar/2024-03-16_13-00-46_786_small_40.jpg
2024-03-16_07-33-03_345_small_40.jpg,Surf-Beach-2024,North-Carolina,2024-03-16,./assets/img/gallery/surfbeach-NC-2024-Mar/2024-03-16_07-33-03_345_small.jpg,./assets/img_small/gallery/surfbeach-NC-2024-Mar/2024-03-16_07-33-03_345_small_40.jpg
2024-03-16_07-30-03_542_small_40.jpg,Surf-Beach-2024,North-Carolina,2024-03-16,./assets/img/gallery/surfbeach-NC-2024-Mar/2024-03-16_07-30-03_542_small.jpg,./assets/img_small/gallery/surfbeach-NC-2024-Mar/2024-03-16_07-30-03_542_small_40.jpg
2024-03-15_22-26-00_122_small_40.jpg,Surf-Beach-2024,North-Carolina,2024-03-15,./assets/img/gallery/surfbeach-NC-2024-Mar/2024-03-15_22-26-00_122_small.jpg,./assets/img_small/gallery/surfbeach-NC-2024-Mar/2024-03-15_22-26-00_122_small_40.jpg
2024-03-16_14-18-36_293_small_40.jpg,Surf-Beach-2024,North-Carolina,2024-03-16,./assets/img/gallery/surfbeach-NC-2024-Mar/2024-03-16_14-18-36_293_small.jpg,./assets/img_small/gallery/surfbeach-NC-2024-Mar/2024-03-16_14-18-36_293_small_40.jpg
2024-03-16_07-43-02_992_small_40.jpeg,Surf-Beach-2024,North-Carolina,2024-03-16,./assets/img/gallery/surfbeach-NC-2024-Mar/2024-03-16_07-43-02_992_small.jpeg,./assets/img_small/gallery/surfbeach-NC-2024-Mar/2024-03-16_07-43-02_992_small_40.jpeg
2024-03-17_10-21-14_564_small_40.jpeg,Surf-Beach-2024,North-Carolina,2024-03-17,./assets/img/gallery/surfbeach-NC-2024-Mar/2024-03-17_10-21-14_564_small.jpeg,./assets/img_small/gallery/surfbeach-NC-2024-Mar/2024-03-17_10-21-14_564_small_40.jpeg
2024-03-16_19-04-21_267_small_40.jpg,Surf-Beach-2024,North-Carolina,2024-03-16,./assets/img/gallery/surfbeach-NC-2024-Mar/2024-03-16_19-04-21_267_small.jpg,./assets/img_small/gallery/surfbeach-NC-2024-Mar/2024-03-16_19-04-21_267_small_40.jpg
2024-03-17_18-05-14_115_small_40.jpg,Surf-Beach-2024,North-Carolina,2024-03-17,./assets/img/gallery/surfbeach-NC-2024-Mar/2024-03-17_18-05-14_115_small.jpg,./assets/img_small/gallery/surfbeach-NC-2024-Mar/2024-03-17_18-05-14_115_small_40.jpg
2024-03-16_17-16-18_113_small_40.jpg,Surf-Beach-2024,North-Carolina,2024-03-16,./assets/img/gallery/surfbeach-NC-2024-Mar/2024-03-16_17-16-18_113_small.jpg,./assets/img_small/gallery/surfbeach-NC-2024-Mar/2024-03-16_17-16-18_113_small_40.jpg
2024-03-16_14-48-44_543_small_40.jpg,Surf-Beach-2024,North-Carolina,2024-03-16,./assets/img/gallery/surfbeach-NC-2024-Mar/2024-03-16_14-48-44_543_small.jpg,./assets/img_small/gallery/surfbeach-NC-2024-Mar/2024-03-16_14-48-44_543_small_40.jpg
2024-03-16_16-06-19_576_small_40.jpg,Surf-Beach-2024,North-Carolina,2024-03-16,./assets/img/gallery/surfbeach-NC-2024-Mar/2024-03-16_16-06-19_576_small.jpg,./assets/img_small/gallery/surfbeach-NC-2024-Mar/2024-03-16_16-06-19_576_small_40.jpg
2024-03-16_12-53-43_429_small_40.jpg,Surf-Beach-2024,North-Carolina,2024-03-16,./assets/img/gallery/surfbeach-NC-2024-Mar/2024-03-16_12-53-43_429_small.jpg,./assets/img_small/gallery/surfbeach-NC-2024-Mar/2024-03-16_12-53-43_429_small_40.jpg
2024-03-15_22-42-32_232_small_40.jpg,Surf-Beach-2024,North-Carolina,2024-03-15,./assets/img/gallery/surfbeach-NC-2024-Mar/2024-03-15_22-42-32_232_small.jpg,./assets/img_small/gallery/surfbeach-NC-2024-Mar/2024-03-15_22-42-32_232_small_40.jpg
2024-03-17_10-20-31_378_small_40.jpg,Surf-Beach-2024,North-Carolina,2024-03-17,./assets/img/gallery/surfbeach-NC-2024-Mar/2024-03-17_10-20-31_378_small.jpg,./assets/img_small/gallery/surfbeach-NC-2024-Mar/2024-03-17_10-20-31_378_small_40.jpg
2024-07-15_12-01-00_932_small_40.jpg,Bangkok-2024,Bangkok,2024-07-15,./assets/img/gallery/bangkok-2024-July/2024-07-15_12-01-00_932_small.jpg,./assets/img_small/gallery/bangkok-2024-July/2024-07-15_12-01-00_932_small_40.jpg
2024-07-13_18-19-08_765_small_40.jpg,Bangkok-2024,Bangkok,2024-07-13,./assets/img/gallery/bangkok-2024-July/2024-07-13_18-19-08_765_small.jpg,./assets/img_small/gallery/bangkok-2024-July/2024-07-13_18-19-08_765_small_40.jpg
2024-07-17_07-29-08_193_small_40.jpg,Bangkok-2024,Bangkok,2024-07-17,./assets/img/gallery/bangkok-2024-July/2024-07-17_07-29-08_193_small.jpg,./assets/img_small/gallery/bangkok-2024-July/2024-07-17_07-29-08_193_small_40.jpg
2024-07-18_12-51-42_508_small_40.jpg,Bangkok-2024,Bangkok,2024-07-18,./assets/img/gallery/bangkok-2024-July/2024-07-18_12-51-42_508_small.jpg,./assets/img_small/gallery/bangkok-2024-July/2024-07-18_12-51-42_508_small_40.jpg
2024-07-15_20-40-17_233_small_40.jpg,Bangkok-2024,Bangkok,2024-07-15,./assets/img/gallery/bangkok-2024-July/2024-07-15_20-40-17_233_small.jpg,./assets/img_small/gallery/bangkok-2024-July/2024-07-15_20-40-17_233_small_40.jpg
2024-07-11_14-41-25_092_small_40.jpg,Bangkok-2024,Bangkok,2024-07-11,./assets/img/gallery/bangkok-2024-July/2024-07-11_14-41-25_092_small.jpg,./assets/img_small/gallery/bangkok-2024-July/2024-07-11_14-41-25_092_small_40.jpg
2024-07-15_07-11-27_484_small_40.jpg,Bangkok-2024,Bangkok,2024-07-15,./assets/img/gallery/bangkok-2024-July/2024-07-15_07-11-27_484_small.jpg,./assets/img_small/gallery/bangkok-2024-July/2024-07-15_07-11-27_484_small_40.jpg
2024-07-14_12-41-39_096_small_40.jpg,Bangkok-2024,Bangkok,2024-07-14,./assets/img/gallery/bangkok-2024-July/2024-07-14_12-41-39_096_small.jpg,./assets/img_small/gallery/bangkok-2024-July/2024-07-14_12-41-39_096_small_40.jpg
2024-07-15_07-55-43_000_small_40.jpg,Bangkok-2024,Bangkok,2024-07-15,./assets/img/gallery/bangkok-2024-July/2024-07-15_07-55-43_000_small.jpg,./assets/img_small/gallery/bangkok-2024-July/2024-07-15_07-55-43_000_small_40.jpg
2024-07-15_23-01-46_405_small_40.jpg,Bangkok-2024,Bangkok,2024-07-15,./assets/img/gallery/bangkok-2024-July/2024-07-15_23-01-465_small.jpg,./assets/img_small/gallery/bangkok-2024-July/2024-07-15_23-01-46_405_small_40.jpg
2024-07-16_12-54-09_469_small_40.jpg,Bangkok-2024,Bangkok,2024-07-16,./assets/img/gallery/bangkok-2024-July/2024-07-16_12-54-09_469_small.jpg,./assets/img_small/gallery/bangkok-2024-July/2024-07-16_12-54-09_469_small_40.jpg
2024-07-15_12-29-56_552_small_40.jpg,Bangkok-2024,Bangkok,2024-07-15,./assets/img/gallery/bangkok-2024-July/2024-07-15_12-29-56_552_small.jpg,./assets/img_small/gallery/bangkok-2024-July/2024-07-15_12-29-56_552_small_40.jpg
2024-07-15_08-05-49_427_small_40.jpeg,Bangkok-2024,Bangkok,2024-07-15,./assets/img/gallery/bangkok-2024-July/2024-07-15_08-05-49_427_small.jpeg,./assets/img_small/gallery/bangkok-2024-July/2024-07-15_08-05-49_427_small_40.jpeg
2024-07-19_01-08-48_748_small_40.jpg,Bangkok-2024,Bangkok,2024-07-19,./assets/img/gallery/bangkok-2024-July/2024-07-19_01-08-48_748_small.jpg,./assets/img_small/gallery/bangkok-2024-July/2024-07-19_01-08-48_748_small_40.jpg
2024-07-15_12-00-43_173_small_40.jpg,Bangkok-2024,Bangkok,2024-07-15,./assets/img/gallery/bangkok-2024-July/2024-07-15_12-00-43_173_small.jpg,./assets/img_small/gallery/bangkok-2024-July/2024-07-15_12-00-43_173_small_40.jpg
2024-07-15_12-30-43_054_small_40.jpg,Bangkok-2024,Bangkok,2024-07-15,./assets/img/gallery/bangkok-2024-July/2024-07-15_12-30-43_054_small.jpg,./assets/img_small/gallery/bangkok-2024-July/2024-07-15_12-30-43_054_small_40.jpg
2024-07-15_09-27-53_503_small_40.jpg,Bangkok-2024,Bangkok,2024-07-15,./assets/img/gallery/bangkok-2024-July/2024-07-15_09-27-53_503_small.jpg,./assets/img_small/gallery/bangkok-2024-July/2024-07-15_09-27-53_503_small_40.jpg
2024-07-17_04-20-39_198_small_40.jpg,Bangkok-2024,Bangkok,2024-07-17,./assets/img/gallery/bangkok-2024-July/2024-07-17_04-20-39_198_small.jpg,./assets/img_small/gallery/bangkok-2024-July/2024-07-17_04-20-39_198_small_40.jpg
2024-07-15_11-41-59_974_small_40.jpg,Bangkok-2024,Bangkok,2024-07-15,./assets/img/gallery/bangkok-2024-July/2024-07-15_11-41-59_974_small.jpg,./assets/img_small/gallery/bangkok-2024-July/2024-07-15_11-41-59_974_small_40.jpg
2024-07-17_07-58-47_152_small_40.jpeg,Bangkok-2024,Bangkok,2024-07-17,./assets/img/gallery/bangkok-2024-July/2024-07-17_07-58-47_152_small.jpeg,./assets/img_small/gallery/bangkok-2024-July/2024-07-17_07-58-47_152_small_40.jpeg
2024-07-11_10-17-46_368_small_40.jpg,Bangkok-2024,Bangkok,2024-07-11,./assets/img/gallery/bangkok-2024-July/2024-07-11_10-17-46_368_small.jpg,./assets/img_small/gallery/bangkok-2024-July/2024-07-11_10-17-46_368_small_40.jpg
2024-07-15_10-20-46_168_small_40.jpg,Bangkok-2024,Bangkok,2024-07-15,./assets/img/gallery/bangkok-2024-July/2024-07-15_10-20-46_168_small.jpg,./assets/img_small/gallery/bangkok-2024-July/2024-07-15_10-20-46_168_small_40.jpg
2024-07-15_06-29-35_791_small_40.jpg,Bangkok-2024,Bangkok,2024-07-15,./assets/img/gallery/bangkok-2024-July/2024-07-15_06-29-35_791_small.jpg,./assets/img_small/gallery/bangkok-2024-July/2024-07-15_06-29-35_791_small_40.jpg
2024-07-14_15-28-54_870_small_40.jpg,Bangkok-2024,Bangkok,2024-07-14,./assets/img/gallery/bangkok-2024-July/2024-07-14_15-28-54_870_small.jpg,./assets/img_small/gallery/bangkok-2024-July/2024-07-14_15-28-54_870_small_40.jpg
2024-07-15_11-28-18_765_small_40.jpg,Bangkok-2024,Bangkok,2024-07-15,./assets/img/gallery/bangkok-2024-July/2024-07-15_11-28-18_765_small.jpg,./assets/img_small/gallery/bangkok-2024-July/2024-07-15_11-28-18_765_small_40.jpg
2024-07-14_13-21-17_167_small_40.jpg,Bangkok-2024,Bangkok,2024-07-14,./assets/img/gallery/bangkok-2024-July/2024-07-14_13-21-17_167_small.jpg,./assets/img_small/gallery/bangkok-2024-July/2024-07-14_13-21-17_167_small_40.jpg
2024-07-11_13-29-24_928_small_40.jpg,Bangkok-2024,Bangkok,2024-07-11,./assets/img/gallery/bangkok-2024-July/2024-07-11_13-29-24_928_small.jpg,./assets/img_small/gallery/bangkok-2024-July/2024-07-11_13-29-24_928_small_40.jpg
2024-07-15_21-31-02_650_small_40.jpeg,Bangkok-2024,Bangkok,2024-07-15,./assets/img/gallery/bangkok-2024-July/2024-07-15_21-31-02_650_small.jpeg,./assets/img_small/gallery/bangkok-2024-July/2024-07-15_21-31-02_650_small_40.jpeg
2024-07-18_23-18-14_829_small_40.jpg,Bangkok-2024,Bangkok,2024-07-18,./assets/img/gallery/bangkok-2024-July/2024-07-18_23-18-14_829_small.jpg,./assets/img_small/gallery/bangkok-2024-July/2024-07-18_23-18-14_829_small_40.jpg
2024-07-18_11-29-45_548_small_40.jpg,Bangkok-2024,Bangkok,2024-07-18,./assets/img/gallery/bangkok-2024-July/2024-07-18_11-29-45_548_small.jpg,./assets/img_small/gallery/bangkok-2024-July/2024-07-18_11-29-45_548_small_40.jpg
2024-07-12_16-39-43_790_small_40.jpg,Bangkok-2024,Bangkok,2024-07-12,./assets/img/gallery/bangkok-2024-July/2024-07-12_16-39-43_790_small.jpg,./assets/img_small/gallery/bangkok-2024-July/2024-07-12_16-39-43_790_small_40.jpg
2024-07-17_08-37-33_573_small_40.jpg,Bangkok-2024,Bangkok,2024-07-17,./assets/img/gallery/bangkok-2024-July/2024-07-17_08-37-33_573_small.jpg,./assets/img_small/gallery/bangkok-2024-July/2024-07-17_08-37-33_573_small_40.jpg
2024-07-19_04-08-43_672_small_40.jpg,Bangkok-2024,Bangkok,2024-07-19,./assets/img/gallery/bangkok-2024-July/2024-07-19_04-08-43_672_small.jpg,./assets/img_small/gallery/bangkok-2024-July/2024-07-19_04-08-43_672_small_40.jpg
2024-07-17_02-47-46_864_small_40.jpg,Bangkok-2024,Bangkok,2024-07-17,./assets/img/gallery/bangkok-2024-July/2024-07-17_02-47-46_864_small.jpg,./assets/img_small/gallery/bangkok-2024-July/2024-07-17_02-47-46_864_small_40.jpg
2024-07-09_15-44-47_629_small_40.jpg,Bangkok-2024,Bangkok,2024-07-09,./assets/img/gallery/bangkok-2024-July/2024-07-09_15-44-47_629_small.jpg,./assets/img_small/gallery/bangkok-2024-July/2024-07-09_15-44-47_629_small_40.jpg
2024-07-15_09-24-38_943_small_40.jpg,Bangkok-2024,Bangkok,2024-07-15,./assets/img/gallery/bangkok-2024-July/2024-07-15_09-24-38_943_small.jpg,./assets/img_small/gallery/bangkok-2024-July/2024-07-15_09-24-38_943_small_40.jpg
2024-07-15_11-43-45_854_small_40.jpg,Bangkok-2024,Bangkok,2024-07-15,./assets/img/gallery/bangkok-2024-July/2024-07-15_11-43-45_854_small.jpg,./assets/img_small/gallery/bangkok-2024-July/2024-07-15_11-43-45_854_small_40.jpg
2024-07-09_13-22-35_737_small_40.jpg,Bangkok-2024,Bangkok,2024-07-09,./assets/img/gallery/bangkok-2024-July/2024-07-09_13-22-35_737_small.jpg,./assets/img_small/gallery/bangkok-2024-July/2024-07-09_13-22-35_737_small_40.jpg
2024-07-11_14-19-16_791_small_40.jpg,Bangkok-2024,Bangkok,2024-07-11,./assets/img/gallery/bangkok-2024-July/2024-07-11_14-19-16_791_small.jpg,./assets/img_small/gallery/bangkok-2024-July/2024-07-11_14-19-16_791_small_40.jpg
2024-07-13_16-49-14_761_small_40.jpg,Bangkok-2024,Bangkok,2024-07-13,./assets/img/gallery/bangkok-2024-July/2024-07-13_16-49-14_761_small.jpg,./assets/img_small/gallery/bangkok-2024-July/2024-07-13_16-49-14_761_small_40.jpg
2024-07-17_04-12-36_970_small_40.jpg,Bangkok-2024,Bangkok,2024-07-17,./assets/img/gallery/bangkok-2024-July/2024-07-17_04-12-36_970_small.jpg,./assets/img_small/gallery/bangkok-2024-July/2024-07-17_04-12-36_970_small_40.jpg
2024-07-19_02-19-30_506_small_40.jpg,Bangkok-2024,Bangkok,2024-07-19,./assets/img/gallery/bangkok-2024-July/2024-07-19_02-19-30_506_small.jpg,./assets/img_small/gallery/bangkok-2024-July/2024-07-19_02-19-30_506_small_40.jpg
2024-07-17_16-24-00_698_small_40.jpg,Bangkok-2024,Bangkok,2024-07-17,./assets/img/gallery/bangkok-2024-July/2024-07-17_16-24-00_698_small.jpg,./assets/img_small/gallery/bangkok-2024-July/2024-07-17_16-24-00_698_small_40.jpg
2024-07-17_04-12-39_971_small_40.jpg,Bangkok-2024,Bangkok,2024-07-17,./assets/img/gallery/bangkok-2024-July/2024-07-17_04-12-39_971_small.jpg,./assets/img_small/gallery/bangkok-2024-July/2024-07-17_04-12-39_971_small_40.jpg
2024-07-19_07-19-29_133_small_40.jpg,Bangkok-2024,Bangkok,2024-07-19,./assets/img/gallery/bangkok-2024-July/2024-07-19_07-19-29_133_small.jpg,./assets/img_small/gallery/bangkok-2024-July/2024-07-19_07-19-29_133_small_40.jpg
2024-07-18_11-49-16_880_small_40.jpg,Bangkok-2024,Bangkok,2024-07-18,./assets/img/gallery/bangkok-2024-July/2024-07-18_11-49-16_880_small.jpg,./assets/img_small/gallery/bangkok-2024-July/2024-07-18_11-49-16_880_small_40.jpg
2024-07-10_07-20-37_102_small_40.jpg,Bangkok-2024,Bangkok,2024-07-10,./assets/img/gallery/bangkok-2024-July/2024-07-10_07-20-37_102_small.jpg,./assets/img_small/gallery/bangkok-2024-July/2024-07-10_07-20-37_102_small_40.jpg
2024-07-11_10-17-20_886_small_40.jpg,Bangkok-2024,Bangkok,2024-07-11,./assets/img/gallery/bangkok-2024-July/2024-07-11_10-17-20_886_small.jpg,./assets/img_small/gallery/bangkok-2024-July/2024-07-11_10-17-20_886_small_40.jpg
2024-07-18_05-11-13_064_small_40.jpg,Bangkok-2024,Bangkok,2024-07-18,./assets/img/gallery/bangkok-2024-July/2024-07-18_05-11-13_064_small.jpg,./assets/img_small/gallery/bangkok-2024-July/2024-07-18_05-11-13_064_small_40.jpg
2024-07-18_23-49-23_793_small_40.jpg,Bangkok-2024,Bangkok,2024-07-18,./assets/img/gallery/bangkok-2024-July/2024-07-18_23-49-23_793_small.jpg,./assets/img_small/gallery/bangkok-2024-July/2024-07-18_23-49-23_793_small_40.jpg
2024-07-11_07-06-25_063_small_40.jpg,Bangkok-2024,Bangkok,2024-07-11,./assets/img/gallery/bangkok-2024-July/2024-07-11_07-06-25_063_small.jpg,./assets/img_small/gallery/bangkok-2024-July/2024-07-11_07-06-25_063_small_40.jpg
2024-07-09_22-16-57_128_small_40.jpg,Bangkok-2024,Bangkok,2024-07-09,./assets/img/gallery/bangkok-2024-July/2024-07-09_22-16-57_128_small.jpg,./assets/img_small/gallery/bangkok-2024-July/2024-07-09_22-16-57_128_small_40.jpg
2024-07-18_11-49-15_231_small_40.jpg,Bangkok-2024,Bangkok,2024-07-18,./assets/img/gallery/bangkok-2024-July/2024-07-18_11-49-15_231_small.jpg,./assets/img_small/gallery/bangkok-2024-July/2024-07-18_11-49-15_231_small_40.jpg
2024-07-14_15-28-50_058_small_40.jpg,Bangkok-2024,Bangkok,2024-07-14,./assets/img/gallery/bangkok-2024-July/2024-07-14_15-28-50_058_small.jpg,./assets/img_small/gallery/bangkok-2024-July/2024-07-14_15-28-50_058_small_40.jpg
2024-07-10_01-31-37_021_small_40.jpg,Bangkok-2024,Bangkok,2024-07-10,./assets/img/gallery/bangkok-2024-July/2024-07-10_01-31-37_021_small.jpg,./assets/img_small/gallery/bangkok-2024-July/2024-07-10_01-31-37_021_small_40.jpg
2024-07-09_13-21-33_508_small_40.jpg,Bangkok-2024,Bangkok,2024-07-09,./assets/img/gallery/bangkok-2024-July/2024-07-09_13-21-33_508_small.jpg,./assets/img_small/gallery/bangkok-2024-July/2024-07-09_13-21-33_508_small_40.jpg
2024-07-12_17-14-35_377_small_40.jpg,Bangkok-2024,Bangkok,2024-07-12,./assets/img/gallery/bangkok-2024-July/2024-07-12_17-14-35_377_small.jpg,./assets/img_small/gallery/bangkok-2024-July/2024-07-12_17-14-35_377_small_40.jpg
2024-07-15_12-00-52_775_small_40.jpg,Bangkok-2024,Bangkok,2024-07-15,./assets/img/gallery/bangkok-2024-July/2024-07-15_12-00-52_775_small.jpg,./assets/img_small/gallery/bangkok-2024-July/2024-07-15_12-00-52_775_small_40.jpg
2024-07-19_05-48-08_511_small_40.jpg,Bangkok-2024,Bangkok,2024-07-19,./assets/img/gallery/bangkok-2024-July/2024-07-19_05-48-08_511_small.jpg,./assets/img_small/gallery/bangkok-2024-July/2024-07-19_05-48-08_511_small_40.jpg
2024-07-11_10-19-12_282_small_40.jpg,Bangkok-2024,Bangkok,2024-07-11,./assets/img/gallery/bangkok-2024-July/2024-07-11_10-19-12_282_small.jpg,./assets/img_small/gallery/bangkok-2024-July/2024-07-11_10-19-12_282_small_40.jpg
2024-07-19_18-03-21_549_small_40.jpg,Bangkok-2024,Bangkok,2024-07-19,./assets/img/gallery/bangkok-2024-July/2024-07-19_18-03-21_549_small.jpg,./assets/img_small/gallery/bangkok-2024-July/2024-07-19_18-03-21_549_small_40.jpg
2024-07-18_14-41-45_355_small_40.jpg,Bangkok-2024,Bangkok,2024-07-18,./assets/img/gallery/bangkok-2024-July/2024-07-18_14-41-45_355_small.jpg,./assets/img_small/gallery/bangkok-2024-July/2024-07-18_14-41-45_355_small_40.jpg
2024-07-11_14-41-21_874_small_40.jpg,Bangkok-2024,Bangkok,2024-07-11,./assets/img/gallery/bangkok-2024-July/2024-07-11_14-41-21_874_small.jpg,./assets/img_small/gallery/bangkok-2024-July/2024-07-11_14-41-21_874_small_40.jpg
2024-07-15_23-04-23_034_small_40.jpg,Bangkok-2024,Bangkok,2024-07-15,./assets/img/gallery/bangkok-2024-July/2024-07-15_23-04-23_034_small.jpg,./assets/img_small/gallery/bangkok-2024-July/2024-07-15_23-04-23_034_small_40.jpg
2024-07-13_12-35-28_875_small_40.jpg,Bangkok-2024,Bangkok,2024-07-13,./assets/img/gallery/bangkok-2024-July/2024-07-13_12-35-28_875_small.jpg,./assets/img_small/gallery/bangkok-2024-July/2024-07-13_12-35-28_875_small_40.jpg
2024-07-15_21-33-01_466_small_40.jpg,Bangkok-2024,Bangkok,2024-07-15,./assets/img/gallery/bangkok-2024-July/2024-07-15_21-33-01_466_small.jpg,./assets/img_small/gallery/bangkok-2024-July/2024-07-15_21-33-01_466_small_40.jpg
2024-07-11_13-16-41_520_small_40.jpg,Bangkok-2024,Bangkok,2024-07-11,./assets/img/gallery/bangkok-2024-July/2024-07-11_13-16-41_520_small.jpg,./assets/img_small/gallery/bangkok-2024-July/2024-07-11_13-16-41_520_small_40.jpg
2024-07-17_06-26-41_091_small_40.jpg,Bangkok-2024,Bangkok,2024-07-17,./assets/img/gallery/bangkok-2024-July/2024-07-17_06-26-41_091_small.jpg,./assets/img_small/gallery/bangkok-2024-July/2024-07-17_06-26-41_091_small_40.jpg
2024-07-17_02-40-39_063_small_40.jpg,Bangkok-2024,Bangkok,2024-07-17,./assets/img/gallery/bangkok-2024-July/2024-07-17_02-40-39_063_small.jpg,./assets/img_small/gallery/bangkok-2024-July/2024-07-17_02-40-39_063_small_40.jpg
2024-07-15_11-13-33_533_small_40.jpg,Bangkok-2024,Bangkok,2024-07-15,./assets/img/gallery/bangkok-2024-July/2024-07-15_11-13-33_533_small.jpg,./assets/img_small/gallery/bangkok-2024-July/2024-07-15_11-13-33_533_small_40.jpg
2024-07-13_12-35-31_091_small_40.jpg,Bangkok-2024,Bangkok,2024-07-13,./assets/img/gallery/bangkok-2024-July/2024-07-13_12-35-31_091_small.jpg,./assets/img_small/gallery/bangkok-2024-July/2024-07-13_12-35-31_091_small_40.jpg
2024-07-19_06-50-46_827_small_40.jpg,Bangkok-2024,Bangkok,2024-07-19,./assets/img/gallery/bangkok-2024-July/2024-07-19_06-50-46_827_small.jpg,./assets/img_small/gallery/bangkok-2024-July/2024-07-19_06-50-46_827_small_40.jpg
2024-07-18_12-36-14_705_small_40.jpg,Bangkok-2024,Bangkok,2024-07-18,./assets/img/gallery/bangkok-2024-July/2024-07-18_12-36-14_705_small.jpg,./assets/img_small/gallery/bangkok-2024-July/2024-07-18_12-36-14_705_small_40.jpg
2024-07-15_11-46-31_989_small_40.jpg,Bangkok-2024,Bangkok,2024-07-15,./assets/img/gallery/bangkok-2024-July/2024-07-15_11-46-31_989_small.jpg,./assets/img_small/gallery/bangkok-2024-July/2024-07-15_11-46-31_989_small_40.jpg
2024-07-15_11-27-42_859_small_40.jpg,Bangkok-2024,Bangkok,2024-07-15,./assets/img/gallery/bangkok-2024-July/2024-07-15_11-27-42_859_small.jpg,./assets/img_small/gallery/bangkok-2024-July/2024-07-15_11-27-42_859_small_40.jpg
2024-07-13_16-49-10_987_small_40.jpg,Bangkok-2024,Bangkok,2024-07-13,./assets/img/gallery/bangkok-2024-July/2024-07-13_16-49-10_987_small.jpg,./assets/img_small/gallery/bangkok-2024-July/2024-07-13_16-49-10_987_small_40.jpg
2024-07-09_16-34-04_240_small_40.jpg,Bangkok-2024,Bangkok,2024-07-09,./assets/img/gallery/bangkok-2024-July/2024-07-09_16-34-04_240_small.jpg,./assets/img_small/gallery/bangkok-2024-July/2024-07-09_16-34-04_240_small_40.jpg
2024-07-19_04-05-22_874_small_40.jpg,Bangkok-2024,Bangkok,2024-07-19,./assets/img/gallery/bangkok-2024-July/2024-07-19_04-05-22_874_small.jpg,./assets/img_small/gallery/bangkok-2024-July/2024-07-19_04-05-22_874_small_40.jpg
2024-07-15_09-27-35_010_small_40.jpg,Bangkok-2024,Bangkok,2024-07-15,./assets/img/gallery/bangkok-2024-July/2024-07-15_09-27-35_010_small.jpg,./assets/img_small/gallery/bangkok-2024-July/2024-07-15_09-27-35_010_small_40.jpg
2024-07-17_16-23-59_198_small_40.jpg,Bangkok-2024,Bangkok,2024-07-17,./assets/img/gallery/bangkok-2024-July/2024-07-17_16-23-59_198_small.jpg,./assets/img_small/gallery/bangkok-2024-July/2024-07-17_16-23-59_198_small_40.jpg
2024-07-13_12-24-22_706_small_40.jpg,Bangkok-2024,Bangkok,2024-07-13,./assets/img/gallery/bangkok-2024-July/2024-07-13_12-24-22_706_small.jpg,./assets/img_small/gallery/bangkok-2024-July/2024-07-13_12-24-22_706_small_40.jpg
2024-07-14_15-30-53_524_small_40.jpg,Bangkok-2024,Bangkok,2024-07-14,./assets/img/gallery/bangkok-2024-July/2024-07-14_15-30-53_524_small.jpg,./assets/img_small/gallery/bangkok-2024-July/2024-07-14_15-30-53_524_small_40.jpg
2024-07-18_03-43-56_057_small_40.jpg,Bangkok-2024,Bangkok,2024-07-18,./assets/img/gallery/bangkok-2024-July/2024-07-18_03-43-56_057_small.jpg,./assets/img_small/gallery/bangkok-2024-July/2024-07-18_03-43-56_057_small_40.jpg
2024-07-12_12-59-55_426_small_40.jpg,Bangkok-2024,Bangkok,2024-07-12,./assets/img/gallery/bangkok-2024-July/2024-07-12_12-59-55_426_small.jpg,./assets/img_small/gallery/bangkok-2024-July/2024-07-12_12-59-55_426_small_40.jpg
2024-07-11_10-19-13_320_small_40.jpg,Bangkok-2024,Bangkok,2024-07-11,./assets/img/gallery/bangkok-2024-July/2024-07-11_10-19-13_320_small.jpg,./assets/img_small/gallery/bangkok-2024-July/2024-07-11_10-19-13_320_small_40.jpg
2024-07-18_12-37-15_230_small_40.jpg,Bangkok-2024,Bangkok,2024-07-18,./assets/img/gallery/bangkok-2024-July/2024-07-18_12-37-15_230_small.jpg,./assets/img_small/gallery/bangkok-2024-July/2024-07-18_12-37-15_230_small_40.jpg
2024-07-09_04-15-25_875_small_40.jpg,Bangkok-2024,Bangkok,2024-07-09,./assets/img/gallery/bangkok-2024-July/2024-07-09_04-15-25_875_small.jpg,./assets/img_small/gallery/bangkok-2024-July/2024-07-09_04-15-25_875_small_40.jpg
2024-07-16_12-43-40_552_small_40.jpg,Bangkok-2024,Bangkok,2024-07-16,./assets/img/gallery/bangkok-2024-July/2024-07-16_12-43-40_552_small.jpg,./assets/img_small/gallery/bangkok-2024-July/2024-07-16_12-43-40_552_small_40.jpg
2024-07-15_13-17-50_572_small_40.jpg,Bangkok-2024,Bangkok,2024-07-15,./assets/img/gallery/bangkok-2024-July/2024-07-15_13-17-50_572_small.jpg,./assets/img_small/gallery/bangkok-2024-July/2024-07-15_13-17-50_572_small_40.jpg
2024-07-17_02-09-32_127_small_40.jpg,Bangkok-2024,Bangkok,2024-07-17,./assets/img/gallery/bangkok-2024-July/2024-07-17_02-09-32_127_small.jpg,./assets/img_small/gallery/bangkok-2024-July/2024-07-17_02-09-32_127_small_40.jpg
2024-07-09_20-21-51_178_small_40.jpg,Bangkok-2024,Bangkok,2024-07-09,./assets/img/gallery/bangkok-2024-July/2024-07-09_20-21-51_178_small.jpg,./assets/img_small/gallery/bangkok-2024-July/2024-07-09_20-21-51_178_small_40.jpg
2024-07-17_01-22-50_292_small_40.jpg,Bangkok-2024,Bangkok,2024-07-17,./assets/img/gallery/bangkok-2024-July/2024-07-17_01-22-50_292_small.jpg,./assets/img_small/gallery/bangkok-2024-July/2024-07-17_01-22-50_292_small_40.jpg
2024-07-15_08-04-05_693_small_40.jpeg,Bangkok-2024,Bangkok,2024-07-15,./assets/img/gallery/bangkok-2024-July/2024-07-15_08-04-05_693_small.jpeg,./assets/img_small/gallery/bangkok-2024-July/2024-07-15_08-04-05_693_small_40.jpeg
2024-07-10_05-15-21_023_small_40.jpg,Bangkok-2024,Bangkok,2024-07-10,./assets/img/gallery/bangkok-2024-July/2024-07-10_05-15-21_023_small.jpg,./assets/img_small/gallery/bangkok-2024-July/2024-07-10_05-15-21_023_small_40.jpg
2024-07-17_07-22-28_989_small_40.jpg,Bangkok-2024,Bangkok,2024-07-17,./assets/img/gallery/bangkok-2024-July/2024-07-17_07-22-28_989_small.jpg,./assets/img_small/gallery/bangkok-2024-July/2024-07-17_07-22-28_989_small_40.jpg
2024-07-09_16-09-59_527_small_40.jpg,Bangkok-2024,Bangkok,2024-07-09,./assets/img/gallery/bangkok-2024-July/2024-07-09_16-09-59_527_small.jpg,./assets/img_small/gallery/bangkok-2024-July/2024-07-09_16-09-59_527_small_40.jpg
2024-07-12_17-02-00_605_small_40.jpg,Bangkok-2024,Bangkok,2024-07-12,./assets/img/gallery/bangkok-2024-July/2024-07-12_17-02-00_605_small.jpg,./assets/img_small/gallery/bangkok-2024-July/2024-07-12_17-02-00_605_small_40.jpg
2024-07-15_08-03-18_263_small_40.jpeg,Bangkok-2024,Bangkok,2024-07-15,./assets/img/gallery/bangkok-2024-July/2024-07-15_08-03-18_263_small.jpeg,./assets/img_small/gallery/bangkok-2024-July/2024-07-15_08-03-18_263_small_40.jpeg
2024-07-19_01-15-19_324_small_40.jpg,Bangkok-2024,Bangkok,2024-07-19,./assets/img/gallery/bangkok-2024-July/2024-07-19_01-15-19_324_small.jpg,./assets/img_small/gallery/bangkok-2024-July/2024-07-19_01-15-19_324_small_40.jpg
2024-07-09_15-42-10_101_small_40.jpg,Bangkok-2024,Bangkok,2024-07-09,./assets/img/gallery/bangkok-2024-July/2024-07-09_15-42-10_101_small.jpg,./assets/img_small/gallery/bangkok-2024-July/2024-07-09_15-42-10_101_small_40.jpg
2024-07-19_03-34-35_382_small_40.jpg,Bangkok-2024,Bangkok,2024-07-19,./assets/img/gallery/bangkok-2024-July/2024-07-19_03-34-35_382_small.jpg,./assets/img_small/gallery/bangkok-2024-July/2024-07-19_03-34-35_382_small_40.jpg
2024-07-14_12-18-37_144_small_40.jpg,Bangkok-2024,Bangkok,2024-07-14,./assets/img/gallery/bangkok-2024-July/2024-07-14_12-18-37_144_small.jpg,./assets/img_small/gallery/bangkok-2024-July/2024-07-14_12-18-37_144_small_40.jpg
2024-07-15_11-41-20_895_small_40.jpg,Bangkok-2024,Bangkok,2024-07-15,./assets/img/gallery/bangkok-2024-July/2024-07-15_11-41-20_895_small.jpg,./assets/img_small/gallery/bangkok-2024-July/2024-07-15_11-41-20_895_small_40.jpg
2024-07-13_18-16-09_544_small_40.jpg,Bangkok-2024,Bangkok,2024-07-13,./assets/img/gallery/bangkok-2024-July/2024-07-13_18-16-09_544_small.jpg,./assets/img_small/gallery/bangkok-2024-July/2024-07-13_18-16-09_544_small_40.jpg
2024-07-16_07-15-54_304_small_40.jpg,Bangkok-2024,Bangkok,2024-07-16,./assets/img/gallery/bangkok-2024-July/2024-07-16_07-15-54_304_small.jpg,./assets/img_small/gallery/bangkok-2024-July/2024-07-16_07-15-54_304_small_40.jpg
2024-07-14_12-41-37_516_small_40.jpg,Bangkok-2024,Bangkok,2024-07-14,./assets/img/gallery/bangkok-2024-July/2024-07-14_12-41-37_516_small.jpg,./assets/img_small/gallery/bangkok-2024-July/2024-07-14_12-41-37_516_small_40.jpg
2024-07-18_05-11-21_922_small_40.jpg,Bangkok-2024,Bangkok,2024-07-18,./assets/img/gallery/bangkok-2024-July/2024-07-18_05-11-21_922_small.jpg,./assets/img_small/gallery/bangkok-2024-July/2024-07-18_05-11-21_922_small_40.jpg
2024-07-15_12-30-34_115_small_40.jpg,Bangkok-2024,Bangkok,2024-07-15,./assets/img/gallery/bangkok-2024-July/2024-07-15_12-30-34_115_small.jpg,./assets/img_small/gallery/bangkok-2024-July/2024-07-15_12-30-34_115_small_40.jpg
2024-07-12_18-14-58_218_small_40.jpg,Bangkok-2024,Bangkok,2024-07-12,./assets/img/gallery/bangkok-2024-July/2024-07-12_18-14-58_218_small.jpg,./assets/img_small/gallery/bangkok-2024-July/2024-07-12_18-14-58_218_small_40.jpg
2024-07-18_13-31-32_987_small_40.jpg,Bangkok-2024,Bangkok,2024-07-18,./assets/img/gallery/bangkok-2024-July/2024-07-18_13-31-32_987_small.jpg,./assets/img_small/gallery/bangkok-2024-July/2024-07-18_13-31-32_987_small_40.jpg
2024-07-19_07-00-15_350_small_40.jpg,Bangkok-2024,Bangkok,2024-07-19,./assets/img/gallery/bangkok-2024-July/2024-07-19_07-00-15_350_small.jpg,./assets/img_small/gallery/bangkok-2024-July/2024-07-19_07-00-15_350_small_40.jpg
2024-07-14_15-39-34_081_small_40.jpg,Bangkok-2024,Bangkok,2024-07-14,./assets/img/gallery/bangkok-2024-July/2024-07-14_15-39-34_081_small.jpg,./assets/img_small/gallery/bangkok-2024-July/2024-07-14_15-39-34_081_small_40.jpg
2024-07-15_08-04-27_551_small_40.jpg,Bangkok-2024,Bangkok,2024-07-15,./assets/img/gallery/bangkok-2024-July/2024-07-15_08-04-27_551_small.jpg,./assets/img_small/gallery/bangkok-2024-July/2024-07-15_08-04-27_551_small_40.jpg
2024-07-15_23-04-11_032_small_40.jpg,Bangkok-2024,Bangkok,2024-07-15,./assets/img/gallery/bangkok-2024-July/2024-07-15_23-04-11_032_small.jpg,./assets/img_small/gallery/bangkok-2024-July/2024-07-15_23-04-11_032_small_40.jpg
2024-07-11_13-29-23_382_small_40.jpg,Bangkok-2024,Bangkok,2024-07-11,./assets/img/gallery/bangkok-2024-July/2024-07-11_13-29-23_382_small.jpg,./assets/img_small/gallery/bangkok-2024-July/2024-07-11_13-29-23_382_small_40.jpg
2024-07-11_07-06-29_015_small_40.jpg,Bangkok-2024,Bangkok,2024-07-11,./assets/img/gallery/bangkok-2024-July/2024-07-11_07-06-29_015_small.jpg,./assets/img_small/gallery/bangkok-2024-July/2024-07-11_07-06-29_015_small_40.jpg
2024-07-15_10-46-48_629_small_40.jpg,Bangkok-2024,Bangkok,2024-07-15,./assets/img/gallery/bangkok-2024-July/2024-07-15_10-46-48_629_small.jpg,./assets/img_small/gallery/bangkok-2024-July/2024-07-15_10-46-48_629_small_40.jpg
2024-07-15_07-47-52_992_small_40.jpg,Bangkok-2024,Bangkok,2024-07-15,./assets/img/gallery/bangkok-2024-July/2024-07-15_07-47-52_992_small.jpg,./assets/img_small/gallery/bangkok-2024-July/2024-07-15_07-47-52_992_small_40.jpg
2024-07-15_09-33-17_322_small_40.jpg,Bangkok-2024,Bangkok,2024-07-15,./assets/img/gallery/bangkok-2024-July/2024-07-15_09-33-17_322_small.jpg,./assets/img_small/gallery/bangkok-2024-July/2024-07-15_09-33-17_322_small_40.jpg
2024-07-15_20-40-28_000_small_40.jpg,Bangkok-2024,Bangkok,2024-07-15,./assets/img/gallery/bangkok-2024-July/2024-07-15_20-40-28_000_small.jpg,./assets/img_small/gallery/bangkok-2024-July/2024-07-15_20-40-28_000_small_40.jpg
2024-07-15_14-18-11_460_small_40.jpeg,Bangkok-2024,Bangkok,2024-07-15,./assets/img/gallery/bangkok-2024-July/2024-07-15_14-18-11_460_small.jpeg,./assets/img_small/gallery/bangkok-2024-July/2024-07-15_14-18-11_460_small_40.jpeg
2024-07-18_13-55-50_020_small_40.jpg,Bangkok-2024,Bangkok,2024-07-18,./assets/img/gallery/bangkok-2024-July/2024-07-18_13-55-50_020_small.jpg,./assets/img_small/gallery/bangkok-2024-July/2024-07-18_13-55-50_020_small_40.jpg
2024-07-19_04-01-41_921_small_40.jpg,Bangkok-2024,Bangkok,2024-07-19,./assets/img/gallery/bangkok-2024-July/2024-07-19_04-01-41_921_small.jpg,./assets/img_small/gallery/bangkok-2024-July/2024-07-19_04-01-41_921_small_40.jpg
2024-07-11_07-06-31_187_small_40.jpg,Bangkok-2024,Bangkok,2024-07-11,./assets/img/gallery/bangkok-2024-July/2024-07-11_07-06-31_187_small.jpg,./assets/img_small/gallery/bangkok-2024-July/2024-07-11_07-06-31_187_small_40.jpg
2024-07-12_16-27-02_438_small_40.jpg,Bangkok-2024,Bangkok,2024-07-12,./assets/img/gallery/bangkok-2024-July/2024-07-12_16-27-02_438_small.jpg,./assets/img_small/gallery/bangkok-2024-July/2024-07-12_16-27-02_438_small_40.jpg
2024-07-17_06-39-58_958_small_40.jpg,Bangkok-2024,Bangkok,2024-07-17,./assets/img/gallery/bangkok-2024-July/2024-07-17_06-39-58_958_small.jpg,./assets/img_small/gallery/bangkok-2024-July/2024-07-17_06-39-58_958_small_40.jpg
2024-07-19_06-11-13_364_small_40.jpg,Bangkok-2024,Bangkok,2024-07-19,./assets/img/gallery/bangkok-2024-July/2024-07-19_06-11-13_364_small.jpg,./assets/img_small/gallery/bangkok-2024-July/2024-07-19_06-11-13_364_small_40.jpg
2024-07-12_16-27-09_742_small_40.jpg,Bangkok-2024,Bangkok,2024-07-12,./assets/img/gallery/bangkok-2024-July/2024-07-12_16-27-09_742_small.jpg,./assets/img_small/gallery/bangkok-2024-July/2024-07-12_16-27-09_742_small_40.jpg
2024-07-16_05-51-47_865_small_40.jpg,Bangkok-2024,Bangkok,2024-07-16,./assets/img/gallery/bangkok-2024-July/2024-07-16_05-51-47_865_small.jpg,./assets/img_small/gallery/bangkok-2024-July/2024-07-16_05-51-47_865_small_40.jpg
2024-07-16_12-49-47_332_small_40.jpg,Bangkok-2024,Bangkok,2024-07-16,./assets/img/gallery/bangkok-2024-July/2024-07-16_12-49-47_332_small.jpg,./assets/img_small/gallery/bangkok-2024-July/2024-07-16_12-49-47_332_small_40.jpg
2024-07-09_18-12-33_586_small_40.jpg,Bangkok-2024,Bangkok,2024-07-09,./assets/img/gallery/bangkok-2024-July/2024-07-09_18-12-33_586_small.jpg,./assets/img_small/gallery/bangkok-2024-July/2024-07-09_18-12-33_586_small_40.jpg
2024-07-18_11-33-37_110_small_40.jpg,Bangkok-2024,Bangkok,2024-07-18,./assets/img/gallery/bangkok-2024-July/2024-07-18_11-33-37_110_small.jpg,./assets/img_small/gallery/bangkok-2024-July/2024-07-18_11-33-37_110_small_40.jpg
2024-07-13_12-29-25_104_small_40.jpg,Bangkok-2024,Bangkok,2024-07-13,./assets/img/gallery/bangkok-2024-July/2024-07-13_12-29-25_104_small.jpg,./assets/img_small/gallery/bangkok-2024-July/2024-07-13_12-29-25_104_small_40.jpg
2024-07-11_10-19-07_860_small_40.jpg,Bangkok-2024,Bangkok,2024-07-11,./assets/img/gallery/bangkok-2024-July/2024-07-11_10-19-07_860_small.jpg,./assets/img_small/gallery/bangkok-2024-July/2024-07-11_10-19-07_860_small_40.jpg
2024-07-14_14-36-47_453_small_40.jpg,Bangkok-2024,Bangkok,2024-07-14,./assets/img/gallery/bangkok-2024-July/2024-07-14_14-36-47_453_small.jpg,./assets/img_small/gallery/bangkok-2024-July/2024-07-14_14-36-47_453_small_40.jpg
2024-07-10_08-53-45_540_small_40.jpg,Bangkok-2024,Bangkok,2024-07-10,./assets/img/gallery/bangkok-2024-July/2024-07-10_08-53-45_540_small.jpg,./assets/img_small/gallery/bangkok-2024-July/2024-07-10_08-53-45_540_small_40.jpg
2024-07-12_16-39-58_210_small_40.jpg,Bangkok-2024,Bangkok,2024-07-12,./assets/img/gallery/bangkok-2024-July/2024-07-12_16-39-58_210_small.jpg,./assets/img_small/gallery/bangkok-2024-July/2024-07-12_16-39-58_210_small_40.jpg
2024-07-10_01-22-23_046_small_40.jpg,Bangkok-2024,Bangkok,2024-07-10,./assets/img/gallery/bangkok-2024-July/2024-07-10_01-22-23_046_small.jpg,./assets/img_small/gallery/bangkok-2024-July/2024-07-10_01-22-23_046_small_40.jpg
2024-07-18_11-33-28_102_small_40.jpg,Bangkok-2024,Bangkok,2024-07-18,./assets/img/gallery/bangkok-2024-July/2024-07-18_11-33-28_102_small.jpg,./assets/img_small/gallery/bangkok-2024-July/2024-07-18_11-33-28_102_small_40.jpg
2024-07-15_21-39-08_579_small_40.jpg,Bangkok-2024,Bangkok,2024-07-15,./assets/img/gallery/bangkok-2024-July/2024-07-15_21-39-08_579_small.jpg,./assets/img_small/gallery/bangkok-2024-July/2024-07-15_21-39-08_579_small_40.jpg
2024-07-15_10-46-37_422_small_40.jpg,Bangkok-2024,Bangkok,2024-07-15,./assets/img/gallery/bangkok-2024-July/2024-07-15_10-46-37_422_small.jpg,./assets/img_small/gallery/bangkok-2024-July/2024-07-15_10-46-37_422_small_40.jpg
2024-07-17_07-22-23_489_small_40.jpg,Bangkok-2024,Bangkok,2024-07-17,./assets/img/gallery/bangkok-2024-July/2024-07-17_07-22-23_489_small.jpg,./assets/img_small/gallery/bangkok-2024-July/2024-07-17_07-22-23_489_small_40.jpg
2024-07-09_17-38-47_015_small_40.jpg,Bangkok-2024,Bangkok,2024-07-09,./assets/img/gallery/bangkok-2024-July/2024-07-09_17-38-47_015_small.jpg,./assets/img_small/gallery/bangkok-2024-July/2024-07-09_17-38-47_015_small_40.jpg
2024-07-15_14-17-45_517_small_40.jpg,Bangkok-2024,Bangkok,2024-07-15,./assets/img/gallery/bangkok-2024-July/2024-07-15_14-17-45_517_small.jpg,./assets/img_small/gallery/bangkok-2024-July/2024-07-15_14-17-45_517_small_40.jpg
2024-07-13_16-49-12_793_small_40.jpg,Bangkok-2024,Bangkok,2024-07-13,./assets/img/gallery/bangkok-2024-July/2024-07-13_16-49-12_793_small.jpg,./assets/img_small/gallery/bangkok-2024-July/2024-07-13_16-49-12_793_small_40.jpg
2024-07-18_11-29-44_365_small_40.jpg,Bangkok-2024,Bangkok,2024-07-18,./assets/img/gallery/bangkok-2024-July/2024-07-18_11-29-44_365_small.jpg,./assets/img_small/gallery/bangkok-2024-July/2024-07-18_11-29-44_365_small_40.jpg
2024-07-19_12-08-33_092_small_40.jpg,Bangkok-2024,Bangkok,2024-07-19,./assets/img/gallery/bangkok-2024-July/2024-07-19_12-08-33_092_small.jpg,./assets/img_small/gallery/bangkok-2024-July/2024-07-19_12-08-33_092_small_40.jpg
2024-07-15_09-21-02_358_small_40.jpg,Bangkok-2024,Bangkok,2024-07-15,./assets/img/gallery/bangkok-2024-July/2024-07-15_09-21-02_358_small.jpg,./assets/img_small/gallery/bangkok-2024-July/2024-07-15_09-21-02_358_small_40.jpg
2024-07-15_09-19-36_004_small_40.jpg,Bangkok-2024,Bangkok,2024-07-15,./assets/img/gallery/bangkok-2024-July/2024-07-15_09-19-36_004_small.jpg,./assets/img_small/gallery/bangkok-2024-July/2024-07-15_09-19-36_004_small_40.jpg
2024-07-15_08-03-35_056_small_40.jpeg,Bangkok-2024,Bangkok,2024-07-15,./assets/img/gallery/bangkok-2024-July/2024-07-15_08-03-35_056_small.jpeg,./assets/img_small/gallery/bangkok-2024-July/2024-07-15_08-03-35_056_small_40.jpeg
2024-07-15_09-22-04_432_small_40.jpg,Bangkok-2024,Bangkok,2024-07-15,./assets/img/gallery/bangkok-2024-July/2024-07-15_09-22-04_432_small.jpg,./assets/img_small/gallery/bangkok-2024-July/2024-07-15_09-22-04_432_small_40.jpg
2024-07-15_12-00-47_736_small_40.jpg,Bangkok-2024,Bangkok,2024-07-15,./assets/img/gallery/bangkok-2024-July/2024-07-15_12-00-47_736_small.jpg,./assets/img_small/gallery/bangkok-2024-July/2024-07-15_12-00-47_736_small_40.jpg
2024-07-14_06-41-01_639_small_40.jpg,Bangkok-2024,Bangkok,2024-07-14,./assets/img/gallery/bangkok-2024-July/2024-07-14_06-41-01_639_small.jpg,./assets/img_small/gallery/bangkok-2024-July/2024-07-14_06-41-01_639_small_40.jpg
2024-07-11_13-30-43_559_small_40.jpg,Bangkok-2024,Bangkok,2024-07-11,./assets/img/gallery/bangkok-2024-July/2024-07-11_13-30-43_559_small.jpg,./assets/img_small/gallery/bangkok-2024-July/2024-07-11_13-30-43_559_small_40.jpg
2024-07-12_16-26-48_895_small_40.jpg,Bangkok-2024,Bangkok,2024-07-12,./assets/img/gallery/bangkok-2024-July/2024-07-12_16-26-48_895_small.jpg,./assets/img_small/gallery/bangkok-2024-July/2024-07-12_16-26-48_895_small_40.jpg
2024-07-17_10-07-17_725_small_40.jpg,Bangkok-2024,Bangkok,2024-07-17,./assets/img/gallery/bangkok-2024-July/2024-07-17_10-07-17_725_small.jpg,./assets/img_small/gallery/bangkok-2024-July/2024-07-17_10-07-17_725_small_40.jpg
2024-07-13_16-49-07_494_small_40.jpg,Bangkok-2024,Bangkok,2024-07-13,./assets/img/gallery/bangkok-2024-July/2024-07-13_16-49-07_494_small.jpg,./assets/img_small/gallery/bangkok-2024-July/2024-07-13_16-49-07_494_small_40.jpg