alt_text,location,time,path,smaller_path
Beautiful sunset,Beach,2020-02,https://images.unsplash.com/photo-1507525428034-b723cf961d3e?w=953&h=1191&fit=crop,https://images.unsplash.com/photo-1507525428034-b723cf961d3e?w=476&h=595&fit=crop
Beautiful sunset,Beach,2020-10,https://images.unsplash.com/photo-1507525428034-b723cf961d3e?w=805&h=536&fit=crop,https://images.unsplash.com/photo-1507525428034-b723cf961d3e?w=402&h=268&fit=crop
Beautiful sunset,Beach,2024-10,https://images.unsplash.com/photo-1507525428034-b723cf961d3e?w=935&h=400&fit=crop,https://images.unsplash.com/photo-1507525428034-b723cf961d3e?w=467&h=200&fit=crop
Beautiful sunset,Beach,2023-07,https://images.unsplash.com/photo-1507525428034-b723cf961d3e?w=919&h=393&fit=crop,https://images.unsplash.com/photo-1507525428034-b723cf961d3e?w=459&h=196&fit=crop
Beautiful sunset,Beach,2021-04,https://images.unsplash.com/photo-1507525428034-b723cf961d3e?w=1036&h=1554&fit=crop,https://images.unsplash.com/photo-1507525428034-b723cf961d3e?w=518&h=777&fit=crop
City skyline,City,2023-11,https://images.unsplash.com/photo-1519985176271-adb1088fa94c?w=860&h=2006&fit=crop,https://images.unsplash.com/photo-1519985176271-adb1088fa94c?w=430&h=1003&fit=crop
City skyline,City,2024-04,https://images.unsplash.com/photo-1519985176271-adb1088fa94c?w=938&h=1407&fit=crop,https://images.unsplash.com/photo-1519985176271-adb1088fa94c?w=469&h=703&fit=crop
City skyline,City,2020-06,https://images.unsplash.com/photo-1519985176271-adb1088fa94c?w=1068&h=712&fit=crop,https://images.unsplash.com/photo-1519985176271-adb1088fa94c?w=534&h=356&fit=crop
City skyline,City,2021-12,https://images.unsplash.com/photo-1519985176271-adb1088fa94c?w=955&h=409&fit=crop,https://images.unsplash.com/photo-1519985176271-adb1088fa94c?w=477&h=204&fit=crop
City skyline,City,2024-08,https://images.unsplash.com/photo-1519985176271-adb1088fa94c?w=1199&h=959&fit=crop,https://images.unsplash.com/photo-1519985176271-adb1088fa94c?w=599&h=479&fit=crop
Snowy peak,Mountain,2022-12,https://images.unsplash.com/photo-1517816743773-6e0fd518b4a6?w=1054&h=702&fit=crop,https://images.unsplash.com/photo-1517816743773-6e0fd518b4a6?w=527&h=351&fit=crop
Snowy peak,Mountain,2021-01,https://images.unsplash.com/photo-1517816743773-6e0fd518b4a6?w=1098&h=878&fit=crop,https://images.unsplash.com/photo-1517816743773-6e0fd518b4a6?w=549&h=439&fit=crop
Desert expanse,Desert,2020-12,https://images.unsplash.com/photo-1499988921418-b7df40ff03f9?w=1074&h=604&fit=crop,https://images.unsplash.com/photo-1499988921418-b7df40ff03f9?w=537&h=302&fit=crop
Desert expanse,Desert,2023-08,https://images.unsplash.com/photo-1499988921418-b7df40ff03f9?w=982&h=2291&fit=crop,https://images.unsplash.com/photo-1499988921418-b7df40ff03f9?w=491&h=1145&fit=crop
Lush greenery,Forest,2022-11,https://images.unsplash.com/photo-1542314831-068cd1dbfeeb?w=952&h=634&fit=crop,https://images.unsplash.com/photo-1542314831-068cd1dbfeeb?w=476&h=317&fit=crop
Lush greenery,Forest,2021-02,https://images.unsplash.com/photo-1542314831-068cd1dbfeeb?w=971&h=647&fit=crop,https://images.unsplash.com/photo-1542314831-068cd1dbfeeb?w=485&h=323&fit=crop
Calm waters,Lake,2024-08,https://images.unsplash.com/photo-1526336024174-e58f5cdd8e13?w=1194&h=2786&fit=crop,https://images.unsplash.com/photo-1526336024174-e58f5cdd8e13?w=597&h=1393&fit=crop
Calm waters,Lake,2022-06,https://images.unsplash.com/photo-1526336024174-e58f5cdd8e13?w=862&h=2011&fit=crop,https://images.unsplash.com/photo-1526336024174-e58f5cdd8e13?w=431&h=1005&fit=crop
Calm waters,Lake,2020-09,https://images.unsplash.com/photo-1526336024174-e58f5cdd8e13?w=1005&h=430&fit=crop,https://images.unsplash.com/photo-1526336024174-e58f5cdd8e13?w=502&h=215&fit=crop
Quiet village,Village,2023-11,https://images.unsplash.com/photo-1519682337058-a94d519337bc?w=923&h=1384&fit=crop,https://images.unsplash.com/photo-1519682337058-a94d519337bc?w=461&h=692&fit=crop
Quiet village,Village,2024-07,https://images.unsplash.com/photo-1519682337058-a94d519337bc?w=1180&h=663&fit=crop,https://images.unsplash.com/photo-1519682337058-a94d519337bc?w=590&h=331&fit=crop
Quiet village,Village,2024-07,https://images.unsplash.com/photo-1519682337058-a94d519337bc?w=1030&h=2403&fit=crop,https://images.unsplash.com/photo-1519682337058-a94d519337bc?w=515&h=1201&fit=crop
Quiet village,Village,2020-06,https://images.unsplash.com/photo-1519682337058-a94d519337bc?w=928&h=1392&fit=crop,https://images.unsplash.com/photo-1519682337058-a94d519337bc?w=464&h=696&fit=crop
Peaceful park,Park,2020-11,https://images.unsplash.com/photo-1622050956578-94fd044a0ada?w=1016&h=435&fit=crop,https://images.unsplash.com/photo-1622050956578-94fd044a0ada?w=508&h=217&fit=crop
Peaceful park,Park,2024-08,https://images.unsplash.com/photo-1622050956578-94fd044a0ada?w=822&h=1233&fit=crop,https://images.unsplash.com/photo-1622050956578-94fd044a0ada?w=411&h=616&fit=crop
Beautiful sunset,Beach,2020-02,https://images.unsplash.com/photo-1507525428034-b723cf961d3e?w=953&h=1191&fit=crop,https://images.unsplash.com/photo-1507525428034-b723cf961d3e?w=476&h=595&fit=crop
Beautiful sunset,Beach,2020-10,https://images.unsplash.com/photo-1507525428034-b723cf961d3e?w=805&h=536&fit=crop,https://images.unsplash.com/photo-1507525428034-b723cf961d3e?w=402&h=268&fit=crop
Beautiful sunset,Beach,2024-10,https://images.unsplash.com/photo-1507525428034-b723cf961d3e?w=935&h=400&fit=crop,https://images.unsplash.com/photo-1507525428034-b723cf961d3e?w=467&h=200&fit=crop
Beautiful sunset,Beach,2023-07,https://images.unsplash.com/photo-1507525428034-b723cf961d3e?w=919&h=393&fit=crop,https://images.unsplash.com/photo-1507525428034-b723cf961d3e?w=459&h=196&fit=crop
Beautiful sunset,Beach,2021-04,https://images.unsplash.com/photo-1507525428034-b723cf961d3e?w=1036&h=1554&fit=crop,https://images.unsplash.com/photo-1507525428034-b723cf961d3e?w=518&h=777&fit=crop
City skyline,City,2023-11,https://images.unsplash.com/photo-1519985176271-adb1088fa94c?w=860&h=2006&fit=crop,https://images.unsplash.com/photo-1519985176271-adb1088fa94c?w=430&h=1003&fit=crop
City skyline,City,2024-04,https://images.unsplash.com/photo-1519985176271-adb1088fa94c?w=938&h=1407&fit=crop,https://images.unsplash.com/photo-1519985176271-adb1088fa94c?w=469&h=703&fit=crop
City skyline,City,2020-06,https://images.unsplash.com/photo-1519985176271-adb1088fa94c?w=1068&h=712&fit=crop,https://images.unsplash.com/photo-1519985176271-adb1088fa94c?w=534&h=356&fit=crop
City skyline,City,2021-12,https://images.unsplash.com/photo-1519985176271-adb1088fa94c?w=955&h=409&fit=crop,https://images.unsplash.com/photo-1519985176271-adb1088fa94c?w=477&h=204&fit=crop
City skyline,City,2024-08,https://images.unsplash.com/photo-1519985176271-adb1088fa94c?w=1199&h=959&fit=crop,https://images.unsplash.com/photo-1519985176271-adb1088fa94c?w=599&h=479&fit=crop
Snowy peak,Mountain,2022-12,https://images.unsplash.com/photo-1517816743773-6e0fd518b4a6?w=1054&h=702&fit=crop,https://images.unsplash.com/photo-1517816743773-6e0fd518b4a6?w=527&h=351&fit=crop
Snowy peak,Mountain,2021-01,https://images.unsplash.com/photo-1517816743773-6e0fd518b4a6?w=1098&h=878&fit=crop,https://images.unsplash.com/photo-1517816743773-6e0fd518b4a6?w=549&h=439&fit=crop
Desert expanse,Desert,2020-12,https://images.unsplash.com/photo-1499988921418-b7df40ff03f9?w=1074&h=604&fit=crop,https://images.unsplash.com/photo-1499988921418-b7df40ff03f9?w=537&h=302&fit=crop
Desert expanse,Desert,2023-08,https://images.unsplash.com/photo-1499988921418-b7df40ff03f9?w=982&h=2291&fit=crop,https://images.unsplash.com/photo-1499988921418-b7df40ff03f9?w=491&h=1145&fit=crop
Lush greenery,Forest,2022-11,https://images.unsplash.com/photo-1542314831-068cd1dbfeeb?w=952&h=634&fit=crop,https://images.unsplash.com/photo-1542314831-068cd1dbfeeb?w=476&h=317&fit=crop
Lush greenery,Forest,2021-02,https://images.unsplash.com/photo-1542314831-068cd1dbfeeb?w=971&h=647&fit=crop,https://images.unsplash.com/photo-1542314831-068cd1dbfeeb?w=485&h=323&fit=crop
Calm waters,Lake,2024-08,https://images.unsplash.com/photo-1526336024174-e58f5cdd8e13?w=1194&h=2786&fit=crop,https://images.unsplash.com/photo-1526336024174-e58f5cdd8e13?w=597&h=1393&fit=crop
Calm waters,Lake,2022-06,https://images.unsplash.com/photo-1526336024174-e58f5cdd8e13?w=862&h=2011&fit=crop,https://images.unsplash.com/photo-1526336024174-e58f5cdd8e13?w=431&h=1005&fit=crop
Calm waters,Lake,2020-09,https://images.unsplash.com/photo-1526336024174-e58f5cdd8e13?w=1005&h=430&fit=crop,https://images.unsplash.com/photo-1526336024174-e58f5cdd8e13?w=502&h=215&fit=crop
Quiet village,Village,2023-11,https://images.unsplash.com/photo-1519682337058-a94d519337bc?w=923&h=1384&fit=crop,https://images.unsplash.com/photo-1519682337058-a94d519337bc?w=461&h=692&fit=crop
Quiet village,Village,2024-07,https://images.unsplash.com/photo-1519682337058-a94d519337bc?w=1180&h=663&fit=crop,https://images.unsplash.com/photo-1519682337058-a94d519337bc?w=590&h=331&fit=crop
Quiet village,Village,2024-07,https://images.unsplash.com/photo-1519682337058-a94d519337bc?w=1030&h=2403&fit=crop,https://images.unsplash.com/photo-1519682337058-a94d519337bc?w=515&h=1201&fit=crop
Quiet village,Village,2020-06,https://images.unsplash.com/photo-1519682337058-a94d519337bc?w=928&h=1392&fit=crop,https://images.unsplash.com/photo-1519682337058-a94d519337bc?w=464&h=696&fit=crop
Peaceful park,Park,2020-11,https://images.unsplash.com/photo-1622050956578-94fd044a0ada?w=1016&h=435&fit=crop,https://images.unsplash.com/photo-1622050956578-94fd044a0ada?w=508&h=217&fit=crop
Peaceful park,Park,2024-08,https://images.unsplash.com/photo-1622050956578-94fd044a0ada?w=822&h=1233&fit=crop,https://images.unsplash.com/photo-1622050956578-94fd044a0ada?w=411&h=616&fit=crop
Beautiful sunset,Beach,2020-02,https://images.unsplash.com/photo-1507525428034-b723cf961d3e?w=953&h=1191&fit=crop,https://images.unsplash.com/photo-1507525428034-b723cf961d3e?w=476&h=595&fit=crop
Beautiful sunset,Beach,2020-10,https://images.unsplash.com/photo-1507525428034-b723cf961d3e?w=805&h=536&fit=crop,https://images.unsplash.com/photo-1507525428034-b723cf961d3e?w=402&h=268&fit=crop
Beautiful sunset,Beach,2024-10,https://images.unsplash.com/photo-1507525428034-b723cf961d3e?w=935&h=400&fit=crop,https://images.unsplash.com/photo-1507525428034-b723cf961d3e?w=467&h=200&fit=crop
Beautiful sunset,Beach,2023-07,https://images.unsplash.com/photo-1507525428034-b723cf961d3e?w=919&h=393&fit=crop,https://images.unsplash.com/photo-1507525428034-b723cf961d3e?w=459&h=196&fit=crop
Beautiful sunset,Beach,2021-04,https://images.unsplash.com/photo-1507525428034-b723cf961d3e?w=1036&h=1554&fit=crop,https://images.unsplash.com/photo-1507525428034-b723cf961d3e?w=518&h=777&fit=crop
City skyline,City,2023-11,https://images.unsplash.com/photo-1519985176271-adb1088fa94c?w=860&h=2006&fit=crop,https://images.unsplash.com/photo-1519985176271-adb1088fa94c?w=430&h=1003&fit=crop
City skyline,City,2024-04,https://images.unsplash.com/photo-1519985176271-adb1088fa94c?w=938&h=1407&fit=crop,https://images.unsplash.com/photo-1519985176271-adb1088fa94c?w=469&h=703&fit=crop
City skyline,City,2020-06,https://images.unsplash.com/photo-1519985176271-adb1088fa94c?w=1068&h=712&fit=crop,https://images.unsplash.com/photo-1519985176271-adb1088fa94c?w=534&h=356&fit=crop
City skyline,City,2021-12,https://images.unsplash.com/photo-1519985176271-adb1088fa94c?w=955&h=409&fit=crop,https://images.unsplash.com/photo-1519985176271-adb1088fa94c?w=477&h=204&fit=crop
City skyline,City,2024-08,https://images.unsplash.com/photo-1519985176271-adb1088fa94c?w=1199&h=959&fit=crop,https://images.unsplash.com/photo-1519985176271-adb1088fa94c?w=599&h=479&fit=crop
Snowy peak,Mountain,2022-12,https://images.unsplash.com/photo-1517816743773-6e0fd518b4a6?w=1054&h=702&fit=crop,https://images.unsplash.com/photo-1517816743773-6e0fd518b4a6?w=527&h=351&fit=crop
Snowy peak,Mountain,2021-01,https://images.unsplash.com/photo-1517816743773-6e0fd518b4a6?w=1098&h=878&fit=crop,https://images.unsplash.com/photo-1517816743773-6e0fd518b4a6?w=549&h=439&fit=crop
Desert expanse,Desert,2020-12,https://images.unsplash.com/photo-1499988921418-b7df40ff03f9?w=1074&h=604&fit=crop,https://images.unsplash.com/photo-1499988921418-b7df40ff03f9?w=537&h=302&fit=crop
Desert expanse,Desert,2023-08,https://images.unsplash.com/photo-1499988921418-b7df40ff03f9?w=982&h=2291&fit=crop,https://images.unsplash.com/photo-1499988921418-b7df40ff03f9?w=491&h=1145&fit=crop
Lush greenery,Forest,2022-11,https://images.unsplash.com/photo-1542314831-068cd1dbfeeb?w=952&h=634&fit=crop,https://images.unsplash.com/photo-1542314831-068cd1dbfeeb?w=476&h=317&fit=crop
Lush greenery,Forest,2021-02,https://images.unsplash.com/photo-1542314831-068cd1dbfeeb?w=971&h=647&fit=crop,https://images.unsplash.com/photo-1542314831-068cd1dbfeeb?w=485&h=323&fit=crop
Calm waters,Lake,2024-08,https://images.unsplash.com/photo-1526336024174-e58f5cdd8e13?w=1194&h=2786&fit=crop,https://images.unsplash.com/photo-1526336024174-e58f5cdd8e13?w=597&h=1393&fit=crop
Calm waters,Lake,2022-06,https://images.unsplash.com/photo-1526336024174-e58f5cdd8e13?w=862&h=2011&fit=crop,https://images.unsplash.com/photo-1526336024174-e58f5cdd8e13?w=431&h=1005&fit=crop
Calm waters,Lake,2020-09,https://images.unsplash.com/photo-1526336024174-e58f5cdd8e13?w=1005&h=430&fit=crop,https://images.unsplash.com/photo-1526336024174-e58f5cdd8e13?w=502&h=215&fit=crop
Quiet village,Village,2023-11,https://images.unsplash.com/photo-1519682337058-a94d519337bc?w=923&h=1384&fit=crop,https://images.unsplash.com/photo-1519682337058-a94d519337bc?w=461&h=692&fit=crop
Quiet village,Village,2024-07,https://images.unsplash.com/photo-1519682337058-a94d519337bc?w=1180&h=663&fit=crop,https://images.unsplash.com/photo-1519682337058-a94d519337bc?w=590&h=331&fit=crop
Quiet village,Village,2024-07,https://images.unsplash.com/photo-1519682337058-a94d519337bc?w=1030&h=2403&fit=crop,https://images.unsplash.com/photo-1519682337058-a94d519337bc?w=515&h=1201&fit=crop
Quiet village,Village,2020-06,https://images.unsplash.com/photo-1519682337058-a94d519337bc?w=928&h=1392&fit=crop,https://images.unsplash.com/photo-1519682337058-a94d519337bc?w=464&h=696&fit=crop
Peaceful park,Park,2020-11,https://images.unsplash.com/photo-1622050956578-94fd044a0ada?w=1016&h=435&fit=crop,https://images.unsplash.com/photo-1622050956578-94fd044a0ada?w=508&h=217&fit=crop
Peaceful park,Park,2024-08,https://images.unsplash.com/photo-1622050956578-94fd044a0ada?w=822&h=1233&fit=crop,https://images.unsplash.com/photo-1622050956578-94fd044a0ada?w=411&h=616&fit=crop